Student_ID,Name,Email,Course_Code,Midterm,Final,Attendance
S001,Michael Holmes,nicholasrodriguez@example.org,IQ101,82.5,76.1,81
S002,VANESSA VEGA,vvega697@university.edu,IQ101,84.7,99.3,87
S003,Jesus Salas,,IQ101,110,74.7,80
S004,Terri Olson,jenniferharrison@example.com,IQ101,98.7,88.7,85
S005,Kenneth Miller,kmiller826@university.edu,IQ101,68,85.6,69
S006,Cheryl Gray,afreeman,IQ101,68,71.5,90
S007,Darius Gonzalez,fburch@example.com,IQ102,78.6,51.2,88
S008,Matthew Faulkner,mfaulkner451@university.edu,IQ101,49.1,70.1,80
S009,MRS. CRYSTAL GONZALES,nicolecoleman@example.net,IQ101,59.8,82.4,95
S010,Richard Williams,jennifermayer@example.net,IQ101,61.4,58.2,97
S011,Jeffrey Saunders,jsaunders440@university.edu,IQ102,97,74.8,72
S012,Jack Dorsey,jdorsey567@university.edu,IQ101,76,58.1,80
S013,Kathryn Hall,jsaunders440@university.edu,IQ101,66.8,79.6,80
S014,Morgan Burke MD,mmd194@university.edu,IQ101,57.7,83.3,79
S015,Katrina Rodriguez,gregory32@example.org,IQ101,66,73.9,96
S016,Jennifer Edwards,jedwards609@university.edu,IQ101,66,103.9318946,86
S017,Christina Morales,cmorales325@university.edu,IQ,74.8,63.2,85
S018,Ryan Murphy,rmurphy700@university.edu,IQ101,87.3,60.9,68
S019,Vanessa Nelson,tandrade,IQ101,78.1,50.6,94
S020,Terri Price,,IQ101,55.1,80.8,76
S021,Robert Robinson,williamsoncindy@@good.com,IQ101,86.1,80.4,89
S022,Erin Munoz,sarah62@example.net,IQ201,,73.8,91
S023,Micheal Brown,mbrown157@university.edu,IQ201,52.8,67.9,100
S024,Christina Nguyen,cnguyen828@university.edu,IQ102,68.1,92.8,75
S025,Richard Jensen,pwright@example.net,IQ101,80.2,53.3,58
S760,David Holmes,dholmes977@university.edu,IQ101,79.9,72.6,90
S027,Dylan Hahn,dhahn465@university.edu,IQ101,64.8,86.6,100
S575,Javier Sharp,jsharp180@university.edu,IQ101,90.5,91,100
S029,Christian Williams,cwilliams976@university.edu,IQ101,62.4,73.7,90
S030,Andrew Baker,abaker381@university.edu,IQ101,80,91.7,83
S096,Cynthia Freeman,zguzman@example.net,IQ101,105,75.4,96
S032,Nicole Gutierrez,,IQ102,58.4,61.3,78
S033,Heather Conley,hconley730@university.edu,IQ101,87.2,97,93
S034,Eric Perez,eperez57@university.edu,IQ101,73.9,92,93
S035,Debra Phelps,dphelps106@university.edu,IQ101,80.4,115,99
S036,SAMANTHA LEE,nicholasrodriguez@example.org,IQ101,80.4,99.5,100
S037,Andrew Cummings,acummings154@university.edu,IQ101,74.5,99.9,92
S038,Rachel Church,courtneycohen@example.com,IQ101,35.7,89.5,83
S039,John Simmons,jsimmons938@university.edu,IQ101,76.3,73.8,88
S040,Denise Morgan,dmorgan515@university.edu,IQ101,76.4,50.2,70
S041,Lynn Baldwin,lbaldwin48@university.edu,IQ101,71.7,83,81
S042,Michael Porter,mporter866@university.edu,IQ101,97.2,70.7,84
S043,Carmen Scott,cscott299@university.edu,IQ101,62.9,71,83
S044,Deanna Garcia,dgarcia606@university.edu,IQ101,88.7,82.6,90
S045,JASMINE YANG,atkinslori@example.org,IQ201,67.1,85.2,80
S046,Kelly Edwards,dphelps106@university.edu,IQ102,76.5,91.6,unknown
S047,Timothy Lara,alexanderbrian@example.com,IQ101,64.5,73.4,99
S048,Christine Fuller,,IQ101,69.1,57.5,N/A
S049,Karen Andrade,richardcatherine@example.net,IQ102,79.4,81.7,88
S050,Kristen Reyes,kreyes62@university.edu,IQ101,75.1,74.7,88
S051,Shannon Mullins,smullins238@university.edu,IQ101,53.8,72.1,85
S052,Christine Leon,cleon998@university.edu,IQ101,69.9,,90
S053,Daniel Allen,dallen404@university.edu,IQ201,72.6,83.7,96
S054,Daniel Peterson,shafferchristine@example.net,IQ101,103.2927885,80.4,79
S055,Pamela Heath,alexander73@example.com,IQ101,78.9,77,81
S056,CHASE MILLER,cmiller77@university.edu,IQ101,46.2,77.6,
S057,Mr. Kevin Garcia MD,mmd109@university.edu,IQ,75.9,112.4853896,85
S058,Heidi Ryan,hryan988@university.edu,IQ101,72.1,82.2,75
S059,MATTHEW MCKENZIE,jennygutierrez@example.net,IQ101,74.5,61.6,80
S060,Dale Proctor,victor09@example.com,IQ101,,88.5,83
S061,Michael Anderson,kaitlyn49,IQ101,,65.3,97
S062,Joshua Stephens,jstephens307@university.edu,IQ101,96,58.4,91
S063,NATALIE DAVIS,ndavis464@university.edu,IQ101,83.8,108.6663788,90
S064,Todd Reyes,treyes813@university.edu,IQ101,60.1,70.1,97
S065,Kaitlyn Murphy,,IQ101,76.5,71,87
S066,Thomas Winters,harold37,IQ102,51.7,79,92
S067,Michael Parks,mparks597@university.edu,IQ201,59.1,84.6,87
S068,Jasmine Harmon,robertsondouglas@example.net,IQ101,110,99.7,91
S069,BRANDON PEREZ,bperez868@university.edu,IQ101,63.3,73.5,82
S070,Brandon Smith,bsmith173@university.edu,IQ101,87.2,60.8,64
S071,Heather Johnson,hjohnson392@university.edu,IQ,78.4,,87
S072,Christopher Mooney,cmooney287@university.edu,IQ101,50.9,80.6,100
S073,Jacob Erickson,jerickson663@university.edu,IQ101,78.9,88.9,97
S074,Linda Wright,lwright287@university.edu,IQ101,56.4,59.5,unknown
S075,Tammy Bennett,lisahodge@example.org,IQ101,82.8,82.2,98
S076,Austin Gray,agray392@university.edu,IQ102,78.8,82.9,100
S077,Cynthia Watts,cwatts935@university.edu,IQ101,64.8,81.3,89
S078,Jennifer Mccoy,jmccoy612@university.edu,IQ102,79.4,68,90
S079,Tiffany Jackson,tjackson484@university.edu,IQ101,102.9866177,84.6,82
S080,Chelsea Collins,kaitlynwilliams@@becker-rodriguez.biz,IQ101,57.1,87.2,85
S081,William Jones,amberhutchinson@example.org,IQ101,60.4,89,94
S082,Eric Lewis,seanbradley,IQ101,92.4,,100
S083,BRANDON BOYLE,michellejohnson@example.org,IQ101,89.5,83.8,87
S084,Joshua Klein MD,brad06@example.com,IQ,87.3,104.5551018,83
S085,Darlene Gentry,darrenzavala@example.com,IQ102,71.3,67.4,88
S086,Joshua Freeman,jfreeman830@university.edu,IQ102,61.7,66.6,94
S087,Wendy Manning,wmanning93@university.edu,IQ102,73.8,82.8,74
S088,Jeffery Marsh,jmarsh340@university.edu,IQ101,79.2,89.6,65
S089,Kristen Harvey,amanda38@example.org,IQ102,75.2,98.3,82
S605,Rebecca Aguilar,raguilar601@university.edu,IQ102,71,116.0823683,76
S091,Austin Oneill,aoneill374@university.edu,IQ102,84.4,66,100%
S092,Bryan Burns,johnliu,IQ101,58.9,84.8,83
S093,Stephanie Schwartz,sschwartz972@university.edu,IQ101,71.6,88,87
S094,Adam Davis,adavis725@university.edu,IQ101,82.1,77,83
S095,Christopher Estrada,griffinmichael@@sandoval-scott.com,IQ201,62.3,,100
S096,,sarah.webb@example.com,IQ102,68.3,90,91
S097,Sheila Hoover,yharris@example.org,IQ,78.2,60.6,91
S098,CATHERINE WELLS,ksmith@example.com,IQ102,77.6,83.4,94
S099,Maria Castillo,chasedawn@example.org,IQ,61.7,80.2,77
S100,Hannah Hammond,vspears@example.org,IQ102,75.9,62,98
S101,Tyler Kaiser,christopher64@example.com,IQ101,80.4,85.9,87
S102,Shawn Roach,wbarr@example.org,IQ102,91.2,92.8,95
S103,Scott Cherry,scherry256@university.edu,IQ101,54.3,64.9,77
S104,Danielle Banks,mmd109@university.edu,IQ101,82.7,85.2,72
S105,,maria12.patel-williamson@.com,IQ101,,131.9382409,96
S106,Todd Marks,tmarks491@university.edu,IQ101,83.6,93.9,92
S107,Lisa Davis,ldavis463@university.edu,IQ101,89.3,87.1,79
S108,,diana.smith@example.com,IQ101,70.3,88.6,79
S109,James Thompson,jthompson385@university.edu,IQ101,63.4,74.7,99
S110,Elizabeth Weaver,james52@@espinoza-barrett.info,IQ101,67.7,79.1,76
S111,Andrew Hernandez,snyderryan@@noble-davidson.com,IQ101,109.7198785,51.9,100
S112,Carrie Scott,cscott55@university.edu,IQ102,85.3,55.4,79
S113,Stephanie Burton,sburton740@university.edu,IQ101,67.9,93.2,94
S114,Barbara Garcia,lwright287@university.edu,IQ102,76,62.9,85
S115,Jeremy Conrad,jconrad4@university.edu,IQ101,64.3,87.5,94
S116,Tammy Jones,tjones205@university.edu,IQ101,64,81,seventy-five
S117,KRISTEN KELLEY,cwarner@example.org,IQ102,75.7,68.9,83
S118,Sherri Lowe,slowe917@university.edu,IQ101,107.1591613,86.9,86
S119,Cheryl Nelson,cnelson907@university.edu,IQ101,44.6,80.6,88
S120,Christopher Macdonald,cmacdonald270@university.edu,IQ,65.1,89.9,78
S121,JARED RAMIREZ,cooklori@example.com,IQ102,63.1,-3,95
S122,Robin Bartlett,rbartlett995@university.edu,IQ101,,90.1,83
S123,Amy Smith,asmith536@university.edu,IQ102,57,73.3,86
S124,Kimberly Jones,lanehaley,IQ101,67.9,68.9,78
S125,Abigail Spence,ihammond@example.com,IQ101,101.4818136,83.7,62
S126,Raymond Griffin,krystal63@@fox.com,IQ101,56.1,,86
S127,Amber Miller,jenningsnorma@example.org,IQ101,106.832343,92.5,100
S128,Christopher Hansen,elizabethwhite@@dorsey.com,IQ101,52.2,71.2,96
S129,Caleb White,andreakemp,IQ101,94,68.1,88
S130,Richard Wilkerson,rwilkerson933@university.edu,IQ101,81.7,88.8,85
S131,Rhonda Hoffman,rhoffman566@university.edu,IQ101,61.1,77.2,88
S132,Robert Huang,michael97@example.com,IQ102,26.4,63.7,93
S133,Tammy Clark,tclark425@university.edu,IQ101,71.2,60.5,76
S134,Ronald Gonzalez,jamesvang@example.net,IQ102,,58,99
S135,PETER OLSON,hobbsjoseph@example.net,IQ101,68.4,79.8,95
S136,Melanie Sanford,donna29,IQ101,96.6,57.9,95
S137,Emily Barber,ebarber413@university.edu,IQ201,92.4,78.1,92
S138,Daniel Flynn,dflynn911@university.edu,IQ102,60.3,84.5,88
S139,James Johnston,jjohnston276@university.edu,IQ,78,69.6,95
S140,Jeremiah Griffin,,IQ101,76,72.6,94
S141,Karen Sanchez,ksanchez504@university.edu,IQ101,76.7,87.3,84
S142,Gloria Baker,briannaphillips,IQ201,98.8,60.7,82
S143,Michelle Lee,mlee747@university.edu,IQ101,106.9955006,50.7,89
S144,Ashley White,awhite844@university.edu,IQ102,72.7,86.2,100
S145,Samantha Peters,speters58@university.edu,IQ101,79.2,69.3,76
S146,,jeremy.bradshaw@example.org,IQ101,71.9,,73
S147,Danielle Buchanan,kreyes62@university.edu,IQ101,66.2,89.9,90
S148,Andrea Gutierrez,agutierrez34@university.edu,IQ101,80.4,68.3,89
S149,Nicole Gaines,ngaines844@university.edu,IQ101,88.5,82.3,90
S150,Jason Drake,brian19@@robinson-clay.com,IQ102,105,86.8,90
S151,RONALD SOSA,arthursmith@example.net,IQ101,62.6,70.2,86
S152,Christopher Horne,jfields@example.net,IQ101,86.2,86.5,100
S153,Ronald Burgess,rburgess51@university.edu,IQ101,74.7,79.6,72
S154,Brandi Bridges,amber95@@hubbard.com,IQ201,94.2,69.7,80
S155,Paula Watson,pwatson21@university.edu,IQ101,83.2,75.2,87
S156,BRIAN COLLINS,bcollins136@university.edu,IQ101,71.7,93.4,72
S157,Keith Hammond,khammond825@university.edu,IQ,87.4,89.4,86
S158,Christopher Cortez,ccortez917@university.edu,IQ,94.6,78.3,100
S159,Brian Ortega,bortega694@university.edu,IQ102,85.2,73.7,88
S160,,sarah.webb@example.com,IQ102,79.9,76.2,90
S161,CARLOS CLINE,ccline701@university.edu,IQ,76.5,86.3,75
S162,Allison Perez,hessryan@@nguyen.com,IQ101,62.7,107.2934219,82
S163,Joseph Foster,terrellkatherine@example.com,IQ102,59.9,61,84
S164,Roger Villegas,grahammatthew@example.com,IQ101,92.4,89.1,85
S165,Melvin Hull,mhull698@university.edu,IQ102,84.4,86.8,100
S166,Nicholas Nichols,,IQ101,105,65.4,94
S167,Michael Scott,bhernandez@example.net,IQ101,76.1,68.5,77
S168,John Daugherty,melissa23@example.net,IQ101,89.6,-3,90
S169,Michael Russell,mrussell654@university.edu,IQ102,62.6,73.5,93
S170,Rachel Palmer,rpalmer866@university.edu,IQ201,81.2,70.1,99
S171,Kelly Liu,kliu483@university.edu,IQ101,62.7,81.4,100
S172,Heather Murillo,gary02@example.org,IQ101,78.7,70.9,78
S173,William Johnson,wjohnson364@university.edu,IQ101,67.9,81.2,80
S174,Lori Wilson,moyerashlee@example.net,IQ101,53.3,58.3,75
S175,Thomas Parsons,tparsons55@university.edu,IQ102,64.2,75,86
S176,Shirley Wolf,normanjustin,IQ101,79.7,98.7,93
S177,Scott Cruz,brittanywelch,IQ101,87.9,75.8,98
S178,Diane Sanders,robertsmelinda,IQ101,74.7,64,87
S179,Rebecca Fields,ufisher@example.net,IQ101,74.7,74,85
S180,Carolyn Kelly,hcross@example.com,IQ102,79.8,,100%
S181,Amy Hurst,ahurst5@university.edu,IQ101,82.8,99.5,90
S182,Laura Montgomery,lmontgomery163@university.edu,IQ102,73.4,83.6,80
S183,Sarah Bennett,sbennett649@university.edu,IQ102,85.4,72.4,100
S184,Paul Coleman,pcoleman547@university.edu,IQ101,78.4,78.2,72
S185,Richard Patterson,rpatterson854@university.edu,IQ101,76.5,67.2,90
S186,Brian Wilson,,IQ101,75.4,85,100
S187,Bradley Hopkins,,IQ101,96.8,91.4,88
S188,Phillip Erickson,fisherroy@example.com,IQ102,107.2977369,67.3,86
S189,Caitlyn Benson,cbenson67@university.edu,IQ101,88.1,80.6,84
S190,Nancy Parks,reedkenneth@example.org,IQ101,107.847044,66.7,86
S191,Jamie Daniels,brandyberry@@zuniga.info,IQ101,62.4,69.6,100
S192,Melanie Crawford,mcrawford971@university.edu,IQ101,43.1,70.6,66
S193,Douglas Lee,dlee135@university.edu,IQ101,,80.1,100
S194,Kenneth Wolf,,IQ101,80.1,104.2663917,74
S195,KATELYN MARTIN,luke81@example.org,IQ101,89.3,69.9,85
S196,,zm.clean@example.org,IQ101,61.5,84.9,84
S197,Janice Mata,jmata111@university.edu,IQ102,55.2,103.6404227,94
S198,Claudia Mclean,,IQ101,92.7,71.4,72
S199,STEVEN YATES,syates561@university.edu,IQ101,49.3,97,93
S200,Julie Reynolds,jreynolds10@university.edu,IQ102,73.3,95.3,100
S201,Jerry Carr,jcarr621@university.edu,IQ101,51.1,69.6,74
S202,Mark Mclaughlin,davidchase@@sherman-wells.com,IQ101,75.1,78.7,90
S203,Kristina Moran,kmoran624@university.edu,IQ101,68.2,86.7,81
S734,MICHELLE HILL,mhill721@university.edu,IQ101,59,76,92
S205,Denise Gross,zamorapatrick@example.org,IQ102,76.8,85.2,88
S206,Jennifer Davis,jdavis92@university.edu,IQ101,85.7,62.3,82
S207,Cheryl Pierce,cpierce93@university.edu,IQ101,52,95.9,93
S208,Brian Hamilton,michelle97@example.org,IQ101,80,67.5,100
S209,Andrew Wilson,mark12,IQ102,98.3,79.6,86
S210,Erica Lewis,wendywallace@@mcdaniel-fowler.com,IQ201,92.7,115,95
S211,Jesus Lee,jlee872@university.edu,IQ101,105.9112189,102.5747718,75
S212,Shane Castaneda,xfreeman@@silva.biz,IQ101,71.3,91.6,78
S213,Danielle Foley,dfoley900@university.edu,IQ101,84.7,97.2,93
S214,Tonya Jones,tjones410@university.edu,IQ101,60.5,87.6,100
S215,Pamela Maldonado,richardsonsherry@example.org,IQ101,90.9,53.4,92
S216,Alexandria Bernard,abernard713@university.edu,IQ101,57.3,49.5,85
S217,Christopher Perry II,cii934@university.edu,IQ101,71,88,88
S218,Mary Kim,mkim389@university.edu,IQ101,97.5,79,75
S219,Shawn Cooper,sarah06@@gonzalez.com,IQ201,99.4,58.7,94
S220,ELIZABETH OSBORNE,eosborne909@university.edu,IQ101,49.4,77.2,97
S221,James Hicks,jhicks722@university.edu,IQ102,80.8,77.5,83
S222,Nicole Wells,kimberly04@example.net,IQ101,44,76.8,unknown
S223,HANNAH SWANSON,scott54@@townsend-green.info,IQ101,55.4,87.4,83
S239,Joseph Santiago,christopherjones@example.org,IQ101,80.5,64.8,91
S225,JAMES EVANS,jevans847@university.edu,IQ102,67.3,63.2,84
S226,Taylor Sanchez,tsanchez161@university.edu,IQ101,74.1,115,87
S227,Steven Marshall,smarshall770@university.edu,IQ101,60.2,85.1,100
S228,John Cantu,peter47,IQ101,67,66.9,86
S143,Danielle Estes,destes471@university.edu,IQ101,73.4,63.5,84
S230,Kyle Smith,ksmith324@university.edu,IQ101,66.7,61.2,82
S231,Tina Gilbert,ksanchez504@university.edu,IQ101,104.470877,78.5,95
S232,David Kim,,IQ101,,81,86
S233,Ernest Silva,esilva312@university.edu,IQ102,73.3,74.9,82
S234,Nicholas Cruz,ncruz350@university.edu,IQ101,84.2,88.6,100
S235,Steven Davis,sdavis574@university.edu,IQ101,67,69.9,100
S236,William Trevino,wtrevino464@university.edu,IQ101,70.9,45.8,82
S237,Amanda Cunningham,acunningham850@university.edu,IQ101,52.3,97.1,69
S238,Michelle Pena,cscott299@university.edu,IQ101,99.7,74.5,98
S239,Michelle Fletcher,anthonybauer@example.org,IQ101,83.6,82.4,81
S240,Devon Perez,dperez873@university.edu,IQ101,121.1832121,93.7,96
S241,Rebecca Reynolds,gordonscott@example.org,IQ101,73.1,64.6,68
S242,Natalie Kerr,daniel74@@herrera.biz,IQ101,50.9,80.8,seventy-five
S243,,neil.hoffman@example.com,IQ101,63.7,58.1,97
S244,Andrew Cunningham,acunningham544@university.edu,IQ101,,62.9,76
S245,Thomas Green,tgreen947@university.edu,IQ101,100.3071245,90.3,95
S246,Mr. Jacob Anderson,manderson749@university.edu,IQ102,74.9,98.7,88
S247,Cynthia Webster,cwebster330@university.edu,IQ102,76.2,65.9,78
S248,Shirley Rice,nclarke@@thomas-short.com,IQ101,,85.5,84
S249,Ralph Booth,tracy81@@wilson.info,IQ101,59.4,75.3,95
S250,Tammy Martin,sarah42@example.org,IQ,61.9,,89
S251,Alexandra Garcia,lwood@example.org,IQ101,88.9,104.731833,94
S252,Bradley Barnes,bbarnes640@university.edu,IQ201,54,85.9,100
S253,Virginia Guerrero,reidwilliam,IQ101,65.2,71.2,72
S254,Anthony Bishop,abishop653@university.edu,IQ101,66.1,65.9,100
S255,Daniel Brandt,dbrandt585@university.edu,IQ101,75.7,66.4,89
S256,Nicholas Gutierrez,flara@example.com,IQ101,79.1,77.3,79
S257,Robert Hernandez,lisahodge@example.org,IQ101,71.4,65.3,75
S258,John Brown,jbrown805@university.edu,IQ101,66.3,88.6,86
S259,Jordan Johnson,christopher51@example.net,IQ,82.5,64.3,97
S260,Nicole Smith,nsmith834@university.edu,IQ101,76.5,88.5,87
S261,Austin Bryant,abryant230@university.edu,IQ101,50,85.6,100
S262,BRADLEY CARR,butlerdawn@example.org,IQ101,65.1,86,73
S263,Lauren Rodriguez,davidsonphilip@example.net,IQ101,63.6,52.7,88
S264,Dennis Gibbs,james30,IQ101,50.6,78.7,75
S265,,,IQ101,78.9,65.3,92
S266,Jennifer Lewis,odouglas@example.org,IQ101,84.6,-3,97
S267,Julie Lewis,scoleman@@bennett.com,IQ201,74,61,84
S268,Zachary Taylor,ztaylor795@university.edu,IQ101,65.2,78.7,62
S269,Meredith Owens,elizabethscott@example.net,IQ102,62.1,72.6,90
S270,Holly Meyer,hmeyer42@university.edu,IQ101,90.1,69.9,92
S271,Christopher Nelson,anthonybauer@example.org,IQ101,87.5,62.2,92
S272,JOSHUA POWELL,jpowell331@university.edu,IQ101,82.9,98.2,100
S273,Courtney Davis,atkinsonphyllis@example.net,IQ101,37.9,66.8,77
S274,Bryan White,bwhite725@university.edu,IQ101,83.7,75.2,95
S275,Joseph Dean,jdean518@university.edu,IQ101,80.6,69.5,100
S276,Rebecca Ramirez,rramirez905@university.edu,IQ101,76.3,75.8,70
S277,Daniel Fisher,dfisher771@university.edu,IQ101,92.5,81.6,91
S278,Jenna Fitzgerald,davistimothy@example.org,IQ101,80.1,72.2,83
S279,Timothy Myers,tmyers658@university.edu,IQ101,67.7,71.9,87
S280,Mathew Diaz,zblake@@ball.com,IQ102,80.9,72.1,91
S281,Larry Daniels,vgonzalez,IQ101,79.3,107.0556112,83
S251,Michelle Robinson,david01@@grant.info,IQ201,88.1,73.4,81
S283,MICHAEL WARD,mward920@university.edu,IQ101,93,72.3,88
S284,Shirley Howell,showell995@university.edu,IQ101,44.4,107,77
S285,Kimberly Taylor,ktaylor687@university.edu,IQ101,46.9,73.1,100%
S286,Joseph Bailey,cassandramanning@example.com,IQ101,75.3,101.4701224,77
S287,Eric Garcia,orramy@@brooks.com,IQ101,79.9,74.9,95
S288,Lori Dunn,ldunn25@university.edu,IQ101,,47,77
S289,Alexandra Hayes,ahayes814@university.edu,IQ101,78.5,88.8,N/A
S290,William Gray,smithkelly@example.net,IQ101,52.8,94,95
S291,Tiffany Wheeler,twheeler399@university.edu,IQ101,80.1,72.2,93
S292,Brenda Garrett,bgarrett775@university.edu,IQ101,84.5,109.7897,unknown
S293,Gavin Moon,gmoon515@university.edu,IQ101,77.7,81.5,71
S294,Dean Lopez,dlopez784@university.edu,IQ101,68.1,66.1,81
S295,Mary Montgomery,mmontgomery161@university.edu,IQ101,87.5,66,100
S296,Brooke Robinson,denisebrown@example.org,IQ102,76.1,71.3,78
S297,Jared Morris,jmorris937@university.edu,IQ102,82.2,82.7,83
S298,Mary Ball,ktaylor687@university.edu,IQ101,90.6,70.9,
S299,Mary Stewart,mstewart404@university.edu,IQ101,71,64.3,93
S300,Charles Richard,stacey73@example.org,IQ101,68.3,83.3,96
S301,David Wilson,dwilson525@university.edu,IQ102,86.4,,85
S302,Eric Murray,emurray118@university.edu,IQ101,88,97,unknown
S303,Ashley Hart,timothyhobbs@@henderson.com,IQ101,81.2,104.2751414,82
S304,HEATHER RIVERA,hrivera298@university.edu,IQ101,63.4,60.6,100
S305,Michele Reid,mreid975@university.edu,IQ101,48.3,98.9,100
S306,Mr. Michael Bennett DDS,mdds635@university.edu,IQ101,84.8,77.2,98
S307,Denise Jones,djones676@university.edu,IQ101,79.2,62.2,89
S308,Kyle Madden,kmadden324@university.edu,IQ101,111.6862797,79.8,seventy-five
S309,Craig Vasquez,mosleydavid@example.net,IQ201,76.6,88.2,80
S310,Edward Stephens,estephens696@university.edu,IQ101,82.2,81.1,seventy-five
S311,Samantha Peterson,speterson313@university.edu,IQ101,63.1,84.6,80
S312,Sheila White,swhite288@university.edu,IQ101,103.2303674,96.8,93
S313,Kimberly Frazier,kfrazier908@university.edu,IQ101,98.9,70.8,92
S314,Lindsay Doyle,nhernandez@@middleton-barajas.com,IQ101,60.2,76.2,100
S315,Kathryn Morrison,lsanchez@example.org,IQ101,75.8,93.3,95
S316,Craig Thomas,sullivanwendy@example.com,IQ101,49.6,99.4,73
S317,MARIA LEE,mlee913@university.edu,IQ101,72.6,72,99
S318,Joshua Melendez,jmelendez523@university.edu,IQ101,59.8,54.8,78
S319,Bradley Lang,blang988@university.edu,IQ102,87.3,79,84
S320,Terrance Villa,tvilla457@university.edu,IQ101,55.7,59.9,91
S321,David Carpenter,ufrazier@example.org,IQ101,70,101.3663014,100
S322,James Harvey,hudsonmark,IQ101,71.1,57,100
S323,Ashley Diaz,adiaz685@university.edu,IQ101,71.3,74.2,94
S324,Timothy Hendricks,thendricks466@university.edu,IQ,34.5,77.2,86
S325,Carrie Rogers,crogers992@university.edu,IQ101,71.5,-3,100%
S326,Jose Hill,jhill558@university.edu,IQ102,102.7343414,93.8,93
S327,Mark Fox,mfox920@university.edu,IQ,71,62.5,97
S328,Anna Mosley,wagnerdanielle@example.net,IQ101,113.600397,78.8,85
S329,Janet Bates,fmathis,IQ102,75.2,77.7,100
S330,Jack Davis,jdavis170@university.edu,IQ101,78,76,90
S331,John Vasquez,jvasquez162@university.edu,IQ101,66.4,70.3,93
S332,Allen Sanchez,asanchez831@university.edu,IQ101,74.5,70.4,unknown
S333,Robert Decker,rdecker605@university.edu,IQ101,64.3,79.5,95
S334,Steven Norton,snorton588@university.edu,IQ,71.2,99.1,92
S335,Kelly Rodgers,blankenshipvalerie@example.net,IQ101,35.2,93.3,96
S336,Kenneth Carlson,traceyroach@@hoffman.com,IQ101,93.7,49,82
S337,Christopher Brown,mauricejohnson@example.org,IQ102,69.9,72.8,82
S338,Dana Ramsey,caldwellcolleen,IQ102,53.9,67.1,77
S339,Joseph House,jhouse421@university.edu,IQ101,58.3,102.5317862,92
S340,Nicole Lynch,nlynch676@university.edu,IQ101,89,95.8,96
S341,Laura Wiggins,sball@example.com,IQ101,85.8,62.2,93
S342,Phillip Mann,pmann17@university.edu,IQ101,110,84.9,100
S343,Michael Peterson,mpeterson154@university.edu,IQ101,56.7,88,88
S344,Scott Mills,kenneth98@@green.net,IQ101,,72.8,95
S345,Cynthia Reed,creed676@university.edu,IQ201,85.7,84.2,77
S346,Tina Cuevas,xlane@example.com,IQ101,69.6,94.2,84
S347,Philip Smith,psmith45@university.edu,IQ101,58.8,86.6,95
S348,CHRISTOPHER SHIELDS,heather14,IQ101,83.9,73.7,96
S349,Lucas Massey,gilbertjoshua@example.com,IQ101,79.9,60.5,85
S350,Amber Nelson,anelson785@university.edu,IQ101,88.9,75.4,87
S351,James King,vstrong@example.com,IQ101,67.2,92.7,73
S352,Jill Flores,pvelez@example.org,IQ,64.4,58.3,84
S353,Mary Edwards,medwards705@university.edu,IQ101,51.7,86.5,97
S354,April Rodriguez,arodriguez600@university.edu,IQ101,55.8,102.5671185,94
S355,Katelyn Hill,khill283@university.edu,IQ101,43.8,101.7503892,93
S356,Robert Adams,radams571@university.edu,IQ102,78.2,76.6,88
S357,Anthony Kennedy,akennedy315@university.edu,IQ101,66.8,83.6,unknown
S358,Spencer Osborn,sosborn885@university.edu,IQ,74.4,,88
S359,Tami Evans,tevans166@university.edu,IQ101,76.7,80.1,81
S360,Jorge Duke,grahammichael@example.com,IQ101,69.5,77.2,95
S361,MATTHEW KANE,alexanderbrian@example.com,IQ,79.6,54.1,92
S362,Crystal Stevens,cstevens91@university.edu,IQ101,54.8,88.4,93
S363,Mr. Gabriel Chung,mchung394@university.edu,IQ101,77.6,75.4,83
S364,Donna Francis,dfrancis987@university.edu,IQ101,75.3,82.9,66
S365,ANTHONY COLLINS,mauricejohnson@example.org,IQ101,66.9,67.1,99
S366,James Fisher,jfisher803@university.edu,IQ101,77.9,64.3,83
S367,TERRY HICKMAN,thickman37@university.edu,IQ102,,54.2,
S368,Ana Richards,sandrahenry,IQ101,90.4,84.6,79
S369,Nicholas Smith,nsmith206@university.edu,IQ201,78.8,91.8,95
S370,Erin Washington,ewashington292@university.edu,IQ102,100,92.2,84
S371,Paula Flores,pflores836@university.edu,IQ101,47.4,60.1,99
S372,Mathew Ibarra,emily96@example.org,IQ101,65.6,78.4,94
S373,Heidi Mccullough,hmccullough75@university.edu,IQ101,82.8,67.8,95
S374,Ashley Hodges,ahodges264@university.edu,IQ101,77.8,67.4,
S375,Phillip Welch,pwelch990@university.edu,IQ101,65.8,58.3,74
S376,Amber Sutton,asutton795@university.edu,IQ101,61.2,115,100
S377,Benjamin Smith,bsmith120@university.edu,IQ201,60.4,,91
S378,Katherine Miller,kmiller719@university.edu,IQ101,60.8,114.8533489,84
S379,Cheryl Anderson,hobbsjoseph@example.net,IQ101,82.4,80.6,unknown
S380,Cindy Martinez,cmartinez841@university.edu,IQ101,62.1,87.8,89
S381,Michael Sanchez,msanchez224@university.edu,IQ101,66.4,79.7,70
S382,Edgar Lee,ethanmartinez@@lindsey-bell.org,IQ101,113.4012681,76.7,92
S383,Lauren Gonzales,yesenia95@example.com,IQ101,92.2,68.2,78
S384,Carla Cook,ccook634@university.edu,IQ201,74.5,102.7912089,74
S385,Glenn Christensen,gchristensen979@university.edu,IQ101,65.6,103.3742798,73
S386,KYLE SANTOS,ksantos44@university.edu,IQ101,85.6,70.1,99
S387,Ian Farrell,jill29@example.net,IQ101,84.5,91.6,82
S388,Bridget Reid,breid783@university.edu,IQ101,84.3,56,100
S389,Eric Thomas,ethomas56@university.edu,IQ102,64.1,74.5,83
S390,Cathy Hall,xgamble,IQ101,,86.7,71
S391,Matthew Ramirez,mramirez124@university.edu,IQ101,77.7,59.3,77
S392,Rebecca Munoz,rmunoz216@university.edu,IQ101,80.7,86.5,100
S393,MR. NATHAN PATTERSON,awhite@example.org,IQ101,83.4,93.1,86
S394,Erica Brown,rodriguezcorey@example.com,IQ102,87.5,84.4,83
S395,Peter Bell,pbell771@university.edu,IQ101,73.9,54.7,90
S396,Elizabeth Riley,eriley135@university.edu,IQ102,81.4,80.9,93
S397,Kevin Foster,fgriffin@example.org,IQ101,79.1,60.1,99
S398,Tommy Cisneros,scott01,IQ101,58.8,92.7,100
S399,Calvin Bates,cbates432@university.edu,IQ101,74.4,87.5,84
S400,Shelly Mack,smack738@university.edu,IQ101,75.4,78.4,75
S401,Brittany Kent,smullins238@university.edu,IQ,89.1,70.8,84
S402,Thomas Andrews,xmyers@example.com,IQ,76.4,71.5,91
S403,William Taylor,wtaylor370@university.edu,IQ101,68.5,73.7,78
S404,Michelle Davis PhD,mphd422@university.edu,IQ101,78.3,71.3,78
S405,Richard Sanchez,paulhenry,IQ102,93.8,65.5,91
S406,BENJAMIN HOFFMAN,susanellison@example.net,IQ,72.2,71.8,88
S407,Christopher Cannon,floydjennifer@example.net,IQ101,,115,88
S408,EMILY FIELDS,efields149@university.edu,IQ101,90.5,57.2,80
S409,Anita Brown,kelly82,IQ101,79,90.5,86
S410,JESSICA HERNANDEZ,courtney99,IQ101,76.2,92.9,79
S411,Ellen Moore,kristi46@example.net,IQ201,67.2,97.7,97
S412,Jeremiah Wilson Jr.,laurie75@@coleman.com,IQ101,109.4834719,72.9,98
S413,Russell Good,rgood172@university.edu,IQ101,68.3,98.3,N/A
S414,Eric Brown,,IQ101,98.7,70.7,70
S415,Wesley Beck,sfowler@example.net,IQ,68.7,74.1,79
S416,Isaac Morris,imorris66@university.edu,IQ102,54.8,65.1,73
S417,ROBERT EVANS,browndawn@example.net,IQ101,59.9,67.3,81
S418,Samantha Schroeder,sschroeder87@university.edu,IQ102,74.5,81.3,87
S419,David Warren,dwarren291@university.edu,IQ101,98.3,64,74
S420,Brandon Rodriguez,brodriguez36@university.edu,IQ101,89.8,75,79
S421,Susan Smith,ssmith999@university.edu,IQ101,74.3,87.4,78
S422,KEVIN MERRITT,kmerritt972@university.edu,IQ101,,83.4,90
S423,Robert Shelton,rshelton652@university.edu,IQ101,-5,84.9,89
S424,Lucas Hernandez,lhernandez931@university.edu,IQ101,79.3,112.374202,81
S425,Daniel Allen,dallen375@university.edu,IQ102,,70.6,90
S426,Christopher Garcia,cgarcia777@university.edu,IQ101,65.7,70.2,83
S427,Dale Roy,droy945@university.edu,IQ,65.4,94.6,85
S428,Thomas Ferguson,candace88@example.net,IQ102,96.3,70,100
S429,Tommy Jackson,tjackson194@university.edu,IQ101,62.5,84.6,100
S430,Stacy Sandoval,ssandoval755@university.edu,IQ101,66.7,86.9,75
S431,Phillip Smith,psmith641@university.edu,IQ102,78,56.8,96
S432,David Kim,juliesullivan@@sheppard-crawford.org,IQ102,98.2,103.1422874,96
S033,Edward Castaneda,barbara41@example.org,IQ201,65.8,72.6,77
S434,Edward Hunter,ehunter653@university.edu,IQ101,79.3,82.7,96
S435,Deanna Taylor,dholmes977@university.edu,IQ,84.9,106.1428635,100
S436,Eric Morris,pinedajennifer@example.org,IQ101,72.3,66.8,77
S437,Dawn Miller,dmiller93@university.edu,IQ101,54.3,67.8,79
S438,,karen.baird@example.org,IQ101,74.5,103.1238101,98
S439,David Robinson,leejason,IQ101,67.2,81.1,91
S440,James Potter,john83@example.com,IQ101,74.8,94.6,94
S441,Anna Gutierrez,agutierrez197@university.edu,IQ,112.9039864,70.6,91
S442,Martha Smith,msmith998@university.edu,IQ101,67.7,92.6,92
S443,Destiny Johnson,djohnson756@university.edu,IQ201,85.2,,75
S444,James Livingston,jlivingston682@university.edu,IQ101,83.8,73,98
S445,Todd Moore,tmoore331@university.edu,IQ201,83.9,93.5,100
S446,David Ramirez,dramirez126@university.edu,IQ101,87.3,85.1,86
S447,Brittany Pope,kristihayes@example.net,IQ101,91,94.4,88
S448,Cheryl Warren,floydjennifer@example.net,IQ101,95.7,87.1,73
S449,Amber Fitzpatrick,sarah62@example.net,IQ101,72.5,80.1,93
S450,Stephanie Cooper,scooper159@university.edu,IQ101,93.1,66.6,seventy-five
S451,Mariah Huffman,mhuffman634@university.edu,IQ101,80.5,72.5,94
S452,Brenda Hardy,bhardy365@university.edu,IQ101,75.4,95.9,87
S453,James Wolfe,jwolfe239@university.edu,IQ101,77.9,78.7,99
S454,John Fowler,jfowler914@university.edu,IQ101,54.6,88.4,85
S455,,george.adams@example.org,IQ102,84.7,108.2855661,94
S456,Shannon Reeves,dickersonjason,IQ101,70.4,81.1,78
S457,Lisa White MD,lmd192@university.edu,IQ101,78.7,100.0843459,88
S458,Olivia Wells,juliemanning@example.com,IQ102,,81.9,86
S459,Jennifer Jackson,jjackson461@university.edu,IQ102,84.1,,90
S460,William Vargas,wvargas654@university.edu,IQ101,,80.7,84
S461,Robyn Doyle,smithcaleb@@martin.com,IQ101,,63.6,87
S462,Carol Smith,csmith991@university.edu,IQ,77,68.2,96
S463,,sam.olson@example.net,IQ101,92.9,56.7,84
S464,James Shaw,jshaw657@university.edu,IQ101,66.6,83.3,72
S465,Stephen Miller,smiller961@university.edu,IQ101,98.5,77.1,100
S466,Brittany Monroe,fmathis,IQ102,66.7,104.336199,100
S467,Joseph Strickland,jstrickland719@university.edu,IQ102,53.3,47.2,75
S468,Michael Dennis,ldavis463@university.edu,IQ,81.6,71,95
S469,Carrie Lee,sarah02@@sanchez-gonzalez.info,IQ101,59.7,87.9,83
S470,Michael Evans,crystal34@example.com,IQ101,78.7,70.1,91
S471,Erin Cardenas,ecardenas632@university.edu,IQ101,55.8,90.2,91
S472,Michelle Hernandez,mhernandez968@university.edu,IQ101,84.8,76.6,86
S473,Kaylee Garrison,kgarrison395@university.edu,IQ101,102.6995549,63,80
S474,Lisa Stout,lstout184@university.edu,IQ102,52.1,68.3,81
S475,Candice Smith,pvelez@example.org,IQ101,74.3,81.4,79
S476,Brian Brewer,bbrewer107@university.edu,IQ101,71.4,82.9,80
S477,Elaine Gates,egates162@university.edu,IQ101,,98.2,87
S478,Frank Palmer,garrettjessica@@moran-collins.com,IQ102,73.8,93.6,81
S479,Jose Salinas,jsalinas649@university.edu,IQ101,80.1,84.4,95
S480,Samuel Hill,shill220@university.edu,IQ102,83.5,84.3,100
S481,David Harris,dharris464@university.edu,IQ101,,96.6,82
S482,Michelle Carroll,gonzalezmichelle@example.org,IQ,77.9,87.9,90
S483,James Pierce,kristenrodriguez,IQ,73.7,98.2,93
S484,Kimberly Hicks,tlong,IQ101,64.9,103.2131661,93
S485,Rhonda King,rking570@university.edu,IQ101,74.4,58,89
S486,Sean Wilson,swilson160@university.edu,IQ101,76.9,68.5,95
S487,TAMMY WILLIAMS,twilliams831@university.edu,IQ101,87.6,68.9,93
S488,Martin Wood,mwood80@university.edu,IQ101,68.3,51.5,76
S489,Lisa Velazquez,ctanner@example.com,IQ,68.2,44.1,97
S490,Brandon Cowan,jamie13@@allen.com,IQ101,51.2,88.6,97
S491,Emily Collins,ecollins58@university.edu,IQ101,86.8,84,80
S492,Marissa Foster,mark74,IQ101,60.5,77.3,88
S493,Teresa Cruz,hbarajas@example.org,IQ101,74.9,61.8,seventy-five
S494,Benjamin Mitchell,bmitchell56@university.edu,IQ101,97.6,90.3,95
S495,Stephanie Morales,smorales515@university.edu,IQ101,71.7,78.4,86
S496,Natalie Harris,zmorrison@example.net,IQ101,78.1,49.4,99
S497,Holly Cabrera,hcabrera443@university.edu,IQ101,71.3,68.5,100
S498,Mary Watkins,mwatkins586@university.edu,IQ101,60,74.1,80
S499,Brent Carter,bcarter445@university.edu,IQ101,101.9652979,87,74
S500,James Jackson,jjackson500@university.edu,IQ101,66.4,86,91
S501,Gina Sanchez,leroywood@example.org,IQ101,96,90.9,95
S502,Crystal Francis,cfrancis702@university.edu,IQ101,75.9,68.9,86
S503,Rebecca Lozano,rlozano357@university.edu,IQ201,85.5,83.5,100
S504,Philip Miller,olarson@example.com,IQ102,88.4,86.9,75
S505,Ms. Melissa Barnes MD,riveramckenzie@example.com,IQ102,90.7,70.5,95
S506,Lisa Arellano,melissagarcia,IQ101,94.8,80.8,82
S507,Jason Valencia,jvalencia758@university.edu,IQ101,106.1289131,68.4,100
S508,John Mosley,lauren93@@rosario.net,IQ102,101.039457,80.8,100
S509,Jamie Marshall,,IQ101,65.2,71.2,N/A
S510,Amy Hines,ahines24@university.edu,IQ,70.2,83.9,80
S511,Richard Smith PhD,rphd769@university.edu,IQ101,82.8,,83
S512,Jamie Hill PhD,jphd716@university.edu,IQ101,74.6,107.991785,97
S513,Denise Gonzales DDS,iyoder@@reed-stanley.net,IQ101,100.9131476,84.1,84
S514,Ashley Dixon,adixon278@university.edu,IQ102,75.6,79.7,88
S515,Wayne Cannon,wcannon278@university.edu,IQ101,84.2,63.7,88
S516,Christine Edwards,cedwards300@university.edu,IQ101,71.1,54.6,69
S517,BRADLEY MILLER,bmiller727@university.edu,IQ101,81,87.1,88
S617,CORY SMITH,zluna@@torres-brown.com,IQ101,67.8,100.0358147,81
S519,Christine Boyer,abishop653@university.edu,IQ102,,57.5,83
S520,Bailey Brown,bbrown763@university.edu,IQ101,78.4,92.7,100
S521,Cindy Carter,ccarter242@university.edu,IQ102,100.2589154,71.6,75
S522,Ryan Johnson,rjohnson264@university.edu,IQ101,91.2,77.5,96
S523,Stephen Mata DVM,sdvm569@university.edu,IQ101,72.4,90.4,85
S524,Jeremy Guzman,jguzman141@university.edu,IQ101,84.8,55.9,85
S525,Dr. Amy Howell,wgreen@@robinson.biz,IQ101,97.1,97.3,96
S526,Suzanne Norris,snorris994@university.edu,IQ101,65.6,83.5,91
S527,Eric Castillo,ecastillo669@university.edu,IQ101,82.4,81.6,94
S528,Candace Peterson,raymond13@example.net,IQ101,66.7,68.6,98
S529,Steven Villanueva,svillanueva931@university.edu,IQ101,74.6,94.4,85
S530,Austin Ballard,phull@@jones-thomas.biz,IQ201,83.2,72.8,82
S531,Mark Rose,ecampbell,IQ101,86.6,38.1,77
S532,William Jacobson,zcastillo@example.org,IQ101,92.2,53.6,80
S533,Michael Williams,mwilliams957@university.edu,IQ101,69.6,62.3,100
S534,Timothy Ho,tho193@university.edu,IQ101,55.6,94.3,100
S535,Jared West,jwest274@university.edu,IQ102,68,82.9,74
S536,Mrs. Rachel Deleon,mdeleon27@university.edu,IQ102,74.3,84.7,75
S537,TAMMY WATKINS,twatkins620@university.edu,IQ,76.2,60,93
S538,Timothy Turner,tturner486@university.edu,IQ101,89.9,71.1,93
S539,Paula Mills,dfisher771@university.edu,IQ101,51.7,107,93
S540,Dennis Smith,dsmith208@university.edu,IQ,97.5,89.9,85
S541,Tanya Garza,smithsarah@@parker-williams.com,IQ201,69.8,73.1,87
S542,Michelle Andrews,mandrews253@university.edu,IQ101,70.2,107.0744718,91
S543,Gary Taylor,mhale@example.net,IQ101,80.7,84,89
S544,Lauren Navarro,jessica80@@welch.com,IQ101,90.5,81.3,66
S545,Michael Alvarez,malvarez112@university.edu,IQ101,71.1,,86
S546,Craig Orr,aliciaanderson@example.com,IQ101,73.9,77.5,79
S547,Chad King,cking529@university.edu,IQ101,85.9,78.7,90
S548,Tina Patterson,tpatterson906@university.edu,IQ101,86,76.9,100
S549,Candice Hull,chull628@university.edu,IQ102,76.2,50,92
S550,Bradley Mccarthy,darrelledwards,IQ201,88.7,82.9,85
S551,Kathy Brown,kbrown600@university.edu,IQ102,90,37.5,97
S552,,rhonda.miles98@example.org,IQ101,106.3256206,76,93
S553,Johnny Murray,jmurray730@university.edu,IQ101,91.6,63.4,92
S554,Michelle Johnson,mjohnson665@university.edu,IQ,84.2,63.3,94
S555,John Butler,jbutler117@university.edu,IQ102,65.6,104.796439,100
S556,Mrs. Tasha Henderson,natashasmith@example.org,IQ102,72.1,81,77
S557,BRANDON CHANG,bchang564@university.edu,IQ101,88.1,84.9,93
S558,Raymond Reynolds,armstrongdesiree@@rocha.org,IQ101,77.3,83.1,79
S559,Joseph Smith,marissafischer,IQ101,111.0512338,,94
S560,Nathan Cooper,thompsonallison@example.net,IQ101,78,92.7,79
S561,,angie.hanna@example.org,IQ101,91.6,107,84
S562,Richard Lee,rlee470@university.edu,IQ101,84.6,62,85
S563,Erica Martin,emartin506@university.edu,IQ101,99.5,62,98
S564,Rick Little,rlittle82@university.edu,IQ101,79.5,67.4,97
S565,HANNAH GONZALEZ,,IQ,74,82.6,76
S566,Bryan Mercado,bmercado840@university.edu,IQ201,79.8,,89
S567,THERESA ROBERTS,troberts38@university.edu,IQ101,99.2,84.3,81
S568,Thomas Gonzales,tgonzales340@university.edu,IQ102,71.3,91.5,75
S569,Jerry Suarez,jsuarez689@university.edu,IQ101,92.8,60.8,86
S570,Joshua Rose,jrose576@university.edu,IQ102,84,87.8,85
S571,Wendy Rangel,charles49@example.org,IQ101,70.5,97.3,100
S572,Brian Bishop,bbishop70@university.edu,IQ102,72.7,79.8,92
S573,Tina Andrews,tandrews125@university.edu,IQ101,72.4,78.2,74
S574,Jennifer Vargas,jvargas713@university.edu,IQ101,58.6,57.8,82
S575,Michaela Sullivan,simmonsdaniel@example.com,IQ101,98.9,66.1,98
S576,Megan Kennedy,mkennedy808@university.edu,IQ101,60.1,47.9,100
S577,Mark Calderon,mcalderon539@university.edu,IQ101,65.4,59.5,72
S578,Jacob Brooks,brandonsanchez@@hays.com,IQ101,99.6,92.1,69
S579,Timothy Adams,cmendoza@example.com,IQ102,64.7,109.5341013,100
S580,Victoria May,cooklori@example.com,IQ101,89.7,73.5,92
S581,Benjamin Johnson,bjohnson425@university.edu,IQ101,37.5,110.073196,79
S582,Yolanda Tucker,ytucker12@university.edu,IQ101,54.2,55,93
S583,Tyler Gibson DDS,tdds308@university.edu,IQ102,90.3,112.1565337,62
S584,Dennis Mclaughlin,dmclaughlin350@university.edu,IQ102,95.8,85.9,88
S585,Sherry Scott,michael98@@green.com,IQ101,83.9,89.9,91
S586,WILLIAM COWAN,barnesamanda,IQ101,86.4,81.9,97
S587,Victor Carr,vcarr472@university.edu,IQ101,76.6,77.1,78
S588,Zachary Hayes,christinacrawford@example.net,IQ101,63.7,74.1,89
S589,Thomas Torres,ttorres743@university.edu,IQ101,49.6,76.6,79
S590,Steven Farmer,sfarmer340@university.edu,IQ101,60.2,62.5,91
S591,Jeffrey Garcia,russellthomas@example.net,IQ101,,97.5,79
S592,Megan Patel,michaelduran@@kelly.info,IQ101,88.8,56,84
S593,David Fernandez,dfernandez886@university.edu,IQ101,60.2,91.2,78
S594,Jacqueline Parker,wagnereric@@williams-sanchez.com,IQ101,60.3,74.9,95
S595,Shawna Griffith,ehamilton,IQ101,83.3,64.4,97
S596,Susan Schultz,sschultz384@university.edu,IQ101,76.6,59.3,86
S597,Alexandria West,smorales515@university.edu,IQ101,66,82.5,88
S598,Dana Byrd,dbyrd496@university.edu,IQ101,51.1,84.2,74
S599,VERONICA CASEY,vcasey893@university.edu,IQ101,74.7,85.7,85
S600,Julie Wheeler,aaron86@example.org,IQ102,78.4,97.1,87
S601,Edward Jefferson,sean68@example.net,IQ201,76.9,72,100
S602,Michael Rice,kenneth84@example.com,IQ101,76.8,85.6,77
S603,Paul Simmons,davidbaxter,IQ101,75.7,78.6,100
S604,Anthony Mack,kennedyerika@example.net,IQ101,64.5,68.7,98
S605,Tina Mullins,tmullins546@university.edu,IQ101,54,102.4940744,unknown
S606,Joseph Ray,jray281@university.edu,IQ101,56.3,68.3,91
S607,Rebecca Duffy,rduffy556@university.edu,IQ101,64.2,90.5,100
S608,Christopher Hart,woodscatherine@example.org,IQ101,70.6,95.5,92
S609,Daniel Clark,dclark347@university.edu,IQ101,64.9,81.9,92
S610,JESSICA TURNER,guzmanmelissa@example.com,IQ101,62.5,108.0320878,87
S611,Robert Mcclain,rmcclain722@university.edu,IQ101,57.2,,100
S612,Jared Hart,jhart632@university.edu,IQ101,84.5,83.8,99
S613,Jorge Fleming,tina73@example.com,IQ101,72.2,76.2,82
S614,Rachael Murphy,cartertina@@wood.com,IQ101,75.7,75.9,75
S615,Cynthia Wagner,cwagner100@university.edu,IQ101,89.5,108.947322,86
S616,Laura Odom,lodom238@university.edu,IQ101,66.6,58.8,80
S617,Kari Burton,jimmywilliamson,IQ101,73.7,114.1159307,87
S618,Samantha Chapman,clarkemakayla,IQ101,62.9,100.9476353,100
S619,Ashley Long,along116@university.edu,IQ101,100.1655122,70.2,83
S620,Mariah Smith,marquezjoshua@example.org,IQ101,83.5,100.7975527,88
S621,Adriana Mcdonald,ndougherty@example.net,IQ,69.3,75.1,89
S622,GABRIELLE JORDAN,boydsarah@example.org,IQ101,66.3,63.8,96
S623,Alexandria Ortega,aortega562@university.edu,IQ101,65.3,60.9,66
S624,Melvin Braun,mbraun711@university.edu,IQ101,75.5,67.2,82
S625,Regina Carroll DVM,maria74@example.org,IQ101,78.5,56.2,90
S626,Kenneth Boyd,kboyd954@university.edu,IQ102,80,89.7,100
S627,Chad Harris,charris334@university.edu,IQ101,45.1,83.2,83
S628,JILLIAN HEBERT,mmorse@example.org,IQ101,93.4,61.1,69
S629,Samantha Davis,michael40@example.org,IQ101,-5,83.9,94
S630,Mary Reid,mreid837@university.edu,IQ,64.4,77.2,82
S631,Donna Carrillo,ojohnson@example.org,IQ101,83.4,79.1,76
S632,Tracy Sanders,tsanders631@university.edu,IQ101,83.1,65.1,82
S633,Nicholas Hayes,nhayes584@university.edu,IQ101,77.5,58.2,86
S634,Melissa Morgan,jessicaholland@@snyder-velasquez.com,IQ101,73.3,65.3,82
S635,John Horn,sotokristen@@goodman-huang.com,IQ101,64,95.3,66
S636,Stephen Rodriguez,thomaswright@example.org,IQ101,91.4,86.5,97
S637,David Jacobson,rjohnson,IQ101,58.6,73.6,100
S638,Jonathan Miller,jmiller32@university.edu,IQ101,93.2,80,95
S639,Rachel Day,rday392@university.edu,IQ102,110,83.5,77
S640,Maria Morgan,mmorgan143@university.edu,IQ101,77.9,73.7,86
S641,Cheryl Ryan,timothyfranco@@lane-hall.info,IQ101,77,75.9,88
S642,Julie Gonzalez,jgonzalez74@university.edu,IQ101,85.6,91.4,94
S643,Brian Davis,marshalljeffery@@edwards.com,IQ101,63.2,59.4,95
S644,MAURICE DAUGHERTY,gina18@example.org,IQ101,47.5,85.1,81
S645,Sarah Cunningham,gamblejanice@example.com,IQ102,58.4,47.9,89
S646,Kathleen Alvarez,gregory32@example.net,IQ201,80.8,112.9019932,93
S647,Dale Oliver,doliver511@university.edu,IQ101,74.9,89.7,100
S648,Jessica Wolf,jwolf560@university.edu,IQ201,76.2,76.6,95
S649,Denise Berry,dberry378@university.edu,IQ101,88.8,,96
S650,Jason Harris,jharris749@university.edu,IQ101,79,82.5,89
S651,Anthony Aguirre,aaguirre530@university.edu,IQ101,-5,91.9,100
S652,Abigail Martinez,amartinez760@university.edu,IQ101,72.4,67.4,92
S653,Eric Miller,emiller594@university.edu,IQ101,83,65.4,79
S654,Dustin Guerra,millerclayton@example.net,IQ102,75.4,77.9,100
S115,Austin Montgomery,christina99@example.org,IQ102,91.3,84.6,95
S656,Justin Alexander,jalexander37@university.edu,IQ102,74.6,89.4,84
S657,ADAM ROMERO,scottrachael@example.net,IQ101,95.9,85.8,83
S658,Heather Barnes,hbarnes673@university.edu,IQ101,75.2,59.6,91
S659,Joel Perry,jperry85@university.edu,IQ102,59,73.7,93
S660,Daniel Mckinney,dmckinney631@university.edu,IQ101,65.9,75.4,90
S661,DANIEL JIMENEZ,djimenez179@university.edu,IQ101,75.8,85.4,100%
S662,Robert Howard,rhoward180@university.edu,IQ101,73.9,84.8,91
S663,Stephanie Bridges MD,brendan91@example.com,IQ101,76,50.3,100
S664,Mr. David Grant,mgrant957@university.edu,IQ101,60.9,76,99
S665,Dylan Friedman,dfriedman393@university.edu,IQ101,56.9,86.4,90
S719,Brenda George,bgeorge752@university.edu,IQ101,98,95.1,97
S667,Stephanie Gonzalez,morrisonshawn@example.net,IQ201,71.8,98.9,78
S668,Angela Sanford,asanford972@university.edu,IQ101,77.2,73.3,92
S669,Derek Roberson,seanchan@example.com,IQ,65.8,73.8,100%
S670,Tara Cline,gtrevino,IQ101,69.2,80.4,unknown
S671,Frank Mathews,jamesmichael@example.net,IQ101,77.4,78,100
S672,Anthony Schaefer,matthewthomas@@holloway-chase.com,IQ101,81.6,94.7,86
S673,Erica Powell,thompsonpamela@@holt.com,IQ101,89.2,57.2,80
S674,Andrew Rivera,arivera401@university.edu,IQ101,36.7,91.1,81
S675,Brian Lambert,blambert789@university.edu,IQ102,54.5,74.9,77
S676,Alicia Ferguson,nicolecoleman@example.net,IQ101,57.4,52.8,80
S677,Bailey Brown,bbrown107@university.edu,IQ101,83.1,88.6,84
S678,,abigail.conley@example.com,IQ101,66.4,41.7,74
S679,Richard Thomas,rthomas609@university.edu,IQ101,66.8,83.5,88
S680,Edwin Mcgee,tonya93@@cain.biz,IQ101,52.8,80.6,97
S681,Ronald Bishop,emma33,IQ102,74.8,86.1,79
S682,Anthony Branch,plee@example.com,IQ101,76.8,64.4,100
S683,Connor Chapman,cchapman959@university.edu,IQ101,92.9,75.8,93
S684,Fernando Arnold,stevengriffith@@allen.com,IQ102,74.6,64.9,98
S685,Cynthia Riddle,criddle800@university.edu,IQ101,68.4,65.6,81
S686,Christopher Hernandez,chernandez62@university.edu,IQ101,72.4,101.9639187,97
S687,Isaac Wiley,iwiley951@university.edu,IQ101,-5,55.4,77
S688,John Potts,jpotts554@university.edu,IQ101,97.1,,97
S689,Blake House,christian78@example.org,IQ101,65,92.6,90
S690,Michael Greer,mgreer257@university.edu,IQ101,65.9,103.564136,94
S691,Mr. Matthew Middleton,,IQ101,85.2,71.2,76
S692,Taylor Wang,twang39@university.edu,IQ102,,69.5,79
S759,Tara Davila,stevenwillis@example.org,IQ101,86.1,82.2,94
S694,Chase Perez,olivershannon,IQ101,94.5,99.9,79
S695,Monica Morris,guzmanmolly@example.org,IQ101,75.5,67.5,93
S696,Amy Steele,,IQ101,81.9,68.5,74
S697,Joseph Joseph,jjoseph581@university.edu,IQ102,105.2008087,79.9,96
S698,Nichole Kelly,nkelly57@university.edu,IQ101,69.5,80.6,76
S699,Nancy Vang,nvang984@university.edu,IQ101,54.8,64.4,94
S700,Mary Gilbert,mgilbert208@university.edu,IQ101,93,,94
S701,Chelsea Nelson,cnelson713@university.edu,IQ101,59.3,85.5,81
S702,Nathan Gonzalez,ngonzalez907@university.edu,IQ101,92.8,88.1,94
S703,Tracy Hernandez,thernandez738@university.edu,IQ101,89.9,67.4,91
S704,Carmen Leach,davidmorton@example.net,IQ101,53.7,99,83
S705,Mr. Brandon Thomas,billy64@@porter.com,IQ201,70.2,74.5,78
S706,PHYLLIS MCBRIDE,,IQ102,94.9,85.8,68
S707,,craig.rosales@example.org,IQ101,81.8,108.3100328,91
S708,Scott Santos,ssantos536@university.edu,IQ102,65.3,91,72
S709,Tamara Fleming,jeffreyhunt,IQ101,75.9,81.8,89
S710,John Smith,jessicaholland@@snyder-velasquez.com,IQ101,97.9,85.1,85
S711,Dominique Mann,dmann177@university.edu,IQ101,83.1,,95
S712,Danielle Hancock,dhancock626@university.edu,IQ101,69.5,66.3,85
S713,John Thomas MD,jmd510@university.edu,IQ101,59.3,50.5,85
S714,Cheyenne Wallace,cwallace346@university.edu,IQ101,105.8431069,62.6,95
S715,Yolanda Pierce,ypierce701@university.edu,IQ101,-5,74.1,91
S716,Elizabeth Evans,hawkinsolivia@example.com,IQ101,79.6,89.4,91
S717,,ryan85.james@example.org,IQ101,87.9,69.8,93
S718,Corey Jackson,cjackson567@university.edu,IQ101,72.5,82,73
S719,Tanya Mcintyre,tmcintyre811@university.edu,IQ102,71.3,100.5028381,96
S720,Jennifer Murphy,jmurphy499@university.edu,IQ102,82.4,88.3,94
S721,William Miller,,IQ101,105,94.4,78
S722,Benjamin Woodard,bwoodard291@university.edu,IQ101,110,59.8,86
S723,Anthony Murray,amurray212@university.edu,IQ101,81,68.9,88
S724,Jacob Harrington,jharrington179@university.edu,IQ102,67.1,86.2,87
S725,Lucas Jensen,ljensen974@university.edu,IQ102,93.6,78.3,91
S726,Carlos Hudson,chudson572@university.edu,IQ101,79.6,101.8310092,100
S727,Nancy Miller,nmiller371@university.edu,IQ101,78.6,114.4235636,99
S728,Tonya Greene,tgreene642@university.edu,IQ101,83.5,53.3,75
S729,Derek Martin,brenda98@example.org,IQ101,86.3,83.3,94
S730,Danielle Anderson,danderson687@university.edu,IQ101,94.3,87.4,100
S731,Valerie Mills,vmills258@university.edu,IQ101,72.9,60.9,92
S732,Justin Lucas,jlucas759@university.edu,IQ,71.9,66.1,99
S733,Jennifer Valencia,jvalencia528@university.edu,IQ101,66.3,86.2,100
S734,Anne Cook,acook334@university.edu,IQ101,100.0485676,83.5,98
S735,Donald Ibarra,justinbrock,IQ101,57.1,84.2,90
S736,Kyle Garrison,kgarrison205@university.edu,IQ102,92.9,69.5,98
S737,SAMUEL SMITH,ssmith912@university.edu,IQ101,73,78.2,89
S738,Mrs. Theresa Williams,mwilliams383@university.edu,IQ101,63.2,87.1,88
S739,Mary Williams,courtney35@example.com,IQ102,73.2,83.9,84
S740,Mary Lee,mlee140@university.edu,IQ101,61.7,71.9,100
S741,Mrs. Sara Riley,russellsummer@example.org,IQ101,,72.8,80
S742,Donna Rodriguez,brandy32@example.org,IQ101,100.9044578,72.4,100
S743,CHERYL SIMON,csimon236@university.edu,IQ101,78.4,91.1,93
S744,Ashley Parks,maureenramsey@example.com,IQ101,,53.3,74
S745,Jason Brown,alexander26@example.com,IQ101,52.1,107,92
S746,Philip Chapman,pchapman914@university.edu,IQ102,,113.81479,67
S747,Alyssa Leonard,nwoodard@@mcknight-miller.com,IQ101,66.5,80.6,94
S748,Catherine Callahan,chadprice@@haney.com,IQ101,98.1,106.0853004,97
S749,Joshua Walsh II,robertstraci@example.org,IQ102,105.9225536,94.9,82
S750,Melissa Solis,browndawn@example.net,IQ101,90.4,86.3,89
S751,Madison Simon,msimon664@university.edu,IQ101,86.7,70.3,100
S752,Christopher Davila,,IQ101,62.7,78,83
S753,Karen Hicks,khicks585@university.edu,IQ101,72.4,71.7,77
S754,Monica Patterson,,IQ101,85.4,91.4,100
S105,Lisa Palmer,amandamcfarland@example.net,IQ101,76.3,98.7,100
S756,LYNN ANDERSON,marshalljeffery@@edwards.com,IQ101,57.9,75.3,88
S757,Gabrielle Patrick,dmiller93@university.edu,IQ101,64.2,,98
S758,Jason Campbell,jcampbell590@university.edu,IQ101,73.8,76.3,100
S759,Jason Barnes,jamie80@example.com,IQ101,97.7,86.8,81
S760,Patricia Oliver,alexis27@@humphrey.com,IQ101,59.6,103.9572959,83
S761,Rebecca Mullins,rmullins375@university.edu,IQ101,93.3,86.1,100
S762,Michael Chen,mchen793@university.edu,IQ101,71.6,64.6,100
S763,Judy Rodriguez,jrodriguez490@university.edu,IQ101,69.4,93.2,94
S764,Leslie Herrera,michaelmendez@@taylor.com,IQ101,103.2687946,99.6,79
S765,Justin Phillips MD,williamhernandez@example.com,IQ201,67.7,,100
S766,,john.griffin@example.org,IQ101,77.1,53.2,83
S767,Stefanie Hall,pzamora@example.net,IQ101,79.8,75.9,85
S768,Erica Adams,zmoreno@example.org,IQ101,68,55.7,91
S769,ANDREA MILLER,amiller964@university.edu,IQ101,82.7,70.5,100
S770,Ryan Christian,vincent27,IQ101,57.5,37.8,unknown
S771,Mark Nelson,george83,IQ101,74.6,102.8115224,unknown
S772,RYAN ENGLISH,renglish210@university.edu,IQ101,99.9,71.6,97
S773,Katrina Acevedo,gallegosdennis@example.org,IQ101,66,84.6,92
S774,MARY SERRANO,,IQ101,60,82.2,93
S775,Cheyenne Ochoa,mark00,IQ101,86.5,95.2,88
S776,TERRANCE VAUGHN,tvaughn662@university.edu,IQ101,73.5,75.1,94
S777,Jimmy Johnson,jjohnson562@university.edu,IQ101,61.8,66.4,63
S778,Kerry Scott,ashleejones@example.org,IQ101,71.6,83.1,85
S779,Deborah Rodriguez,maddenlisa@example.net,IQ102,88.7,66.8,90
S780,Charles Armstrong,carmstrong171@university.edu,IQ102,97.4,74.2,seventy-five
S781,Nicole Parks,nparks180@university.edu,IQ101,74.7,67.5,76
S782,Stefanie James,sjames244@university.edu,IQ101,38.6,90.4,92
S783,Tonya Walter,twalter379@university.edu,IQ101,86.1,74.1,86
S784,Natalie Cole,ncole353@university.edu,IQ102,76,85.2,100
S785,Lisa Miller,danielstephens@@paul.com,IQ101,51.6,70.6,
S786,Jason Vasquez,,IQ101,86.9,60.4,100
S787,Kimberly Graham,jennifer61@example.org,IQ101,79.4,59,83
S788,David Buchanan,zfreeman@@howell.biz,IQ102,82,77.5,86
S789,Barry Campbell,cuevasmatthew@example.com,IQ101,50.8,94.3,87
S790,James Avila,johnsconnor@@horton.net,IQ101,64,66.7,83
S791,Tyrone White,dustin95,IQ,78,94.1,90
S792,Melissa Trevino,mtrevino120@university.edu,IQ201,59.8,78.9,80
S793,Michael Castillo,mcastillo95@university.edu,IQ102,81.4,87.7,77
S794,TIMOTHY WILSON,twilson801@university.edu,IQ102,77.6,72.9,94
S795,Rachel Barker,rbarker457@university.edu,IQ101,62.6,79.2,94
S796,Janet Nelson,mortonjoe,IQ101,-5,37.1,unknown
S797,,beverly.lang@example.net,IQ,81.5,90.7,seventy-five
S798,TAMARA LONG,danielhayes@example.net,IQ,39.6,63.9,80
S799,Joshua Harrell,jharrell316@university.edu,IQ102,84.3,106.8049366,97
S800,Robert Chandler,walkermichelle@example.org,IQ101,75.3,67.8,82
S801,Gerald Johnson,gjohnson826@university.edu,IQ101,72.3,97.2,91
S802,Louis Johnson,ljohnson856@university.edu,IQ101,65.3,66.8,100%
S803,Nicholas Rodgers,nrodgers889@university.edu,IQ101,67.8,64.7,96
S804,Donald Campbell,vryan@@anderson-moore.com,IQ101,76.8,100.7454984,88
S805,William Howell,,IQ101,79.8,74.5,93
S806,Anna West,awest474@university.edu,IQ101,70.6,56.1,83
S807,Jamie Keller,jkeller391@university.edu,IQ102,88.2,76.9,86
S808,Amanda Davis,adavis600@university.edu,IQ101,72.3,122.7035059,86
S809,Hunter Johnson,hjohnson3@university.edu,IQ101,79.5,67.5,81
S810,Julie Bennett,jbennett128@university.edu,IQ102,105,94.1,86
S811,Dana Stevens,dstevens705@university.edu,IQ101,110,57.9,73
S812,Eric Sullivan,,IQ201,88.8,68.6,83
S813,Nancy Curtis,gonzalezjohn@example.org,IQ101,103.0994666,93.1,85
S814,Robert Lawson,rlawson265@university.edu,IQ101,68.3,95.9,85
S815,Karla White,kwhite525@university.edu,IQ102,76,89.9,86
S816,Michael Booth,,IQ101,82.3,66.2,87
S817,Paul Powers,ppowers473@university.edu,IQ101,65.3,92.4,93
S818,Matthew Hinton,mhinton430@university.edu,IQ102,70,72.3,97
S819,Kimberly Smith,ksmith655@university.edu,IQ101,60.7,83.9,82
S820,David Mcgee,dmcgee97@university.edu,IQ101,105.9378738,63.1,76
S821,Patrick Davis,pdavis866@university.edu,IQ101,,97.8,78
S822,David Shelton,dshelton99@university.edu,IQ101,73.8,84.3,83
S823,Shawn Jones,sjones289@university.edu,IQ101,59.1,84,84
S824,Rebecca Hamilton,smithphillip@example.com,IQ101,72.2,91.8,80
S825,Sean Roth,sroth919@university.edu,IQ101,92.8,114.253891,75
S826,Jessica Coleman,odomwilliam@@wilson.com,IQ102,83.7,82.6,
S827,Michael Evans,mevans939@university.edu,IQ102,77.9,73.1,83
S828,Cody Owens,smithcheryl,IQ101,80.1,73.9,90
S829,Christopher Estrada,elizabeth44@example.com,IQ101,77.5,96.4,94
S830,Lindsey Moss,rbartlett995@university.edu,IQ101,59.9,94,82
S831,Amy Foley,melissabaker,IQ101,94.8,76.3,84
S832,Nicole Branch,nbranch708@university.edu,IQ101,43.2,69.5,79
S833,ANDREA MUELLER,snyderryan@@noble-davidson.com,IQ101,94.5,77.7,88
S834,Ann Webb,awebb481@university.edu,IQ,60,70.9,80
S835,JOHN BURGESS,jburgess773@university.edu,IQ,87.6,85.7,94
S836,Chelsea Robinson,crobinson205@university.edu,IQ101,71.4,72.9,70
S837,WILLIAM ROBERTS,matthewduncan@example.com,IQ102,105,65.1,84
S838,Wanda Welch,wwelch513@university.edu,IQ201,99.2,73.5,100%
S839,BENJAMIN GRAHAM,bgraham840@university.edu,IQ101,93.3,99.3,91
S840,Joshua Robinson,,IQ101,90,72,90
S841,,roger.moore@example.net,IQ101,81.1,77.7,100
S842,Andrew Davidson,donaldsoncurtis@example.com,IQ201,61.4,82.5,91
S843,Tracey Smith,alexis68@example.com,IQ101,57.3,94.6,78
S844,Richard Marquez,jennifer51@example.com,IQ101,68,80.8,87
S845,Frank Bishop,fbishop234@university.edu,IQ101,79.2,74.4,70
S846,Angela Campbell,acampbell533@university.edu,IQ101,83.8,71.4,87
S847,Michelle Harvey,mharvey42@university.edu,IQ,88.1,59.2,80
S848,Mr. Marc Reid DDS,mdds754@university.edu,IQ101,76.9,105.145006,97
S849,Linda Williams,lwilliams298@university.edu,IQ101,60,68.5,83
S850,Pamela Logan,mckenzieadams@@robinson.com,IQ101,82.7,80.5,87
S851,Meghan Williams,mwilliams691@university.edu,IQ101,80.3,84.8,82
S852,TARA LARSEN,tlarsen88@university.edu,IQ101,84.5,93.5,100
S853,Teresa Stafford,austincaleb@example.net,IQ102,81.1,74.6,85
S854,Andrew Singleton,asingleton204@university.edu,IQ101,85.1,104.5983471,100
S855,Cathy Murphy,linjennifer,IQ101,73,64.4,96
S856,Richard Chan,irich@example.org,IQ101,91.6,76.3,93
S857,Morgan Brown,mbrown410@university.edu,IQ201,42.4,89.9,92
S858,Robert Jones,shelbyguzman@@woodard.com,IQ101,67,107,92
S859,Chase Aguilar,caguilar502@university.edu,IQ101,80,80.7,69
S860,Dwayne Smith,dsmith55@university.edu,IQ101,,71.9,85
S861,Cheryl Salas,csalas620@university.edu,IQ101,82.7,74.4,96
S862,ANDREW JACKSON,ajackson79@university.edu,IQ101,86.1,86.6,88
S863,Michael Collins,mcollins301@university.edu,IQ101,61,,74
S864,Anna Dickerson,adickerson881@university.edu,IQ101,67,89.3,87
S865,Jessica Patterson,,IQ101,80.5,103.7345715,100
S866,Jessica Burgess,vlamb@@brown-coleman.com,IQ201,71.6,73.1,100
S867,Cynthia Clark,lmontgomery163@university.edu,IQ101,74.7,73.8,87
S868,Karen Garrison,sharpjohn,IQ,87,55.4,98
S869,Micheal Brock,sglenn@example.net,IQ101,59.2,63.1,84
S870,Michael Elliott,melliott702@university.edu,IQ101,89.3,101.9485872,71
S871,Jeremy Hall,jhall58@university.edu,IQ101,73.4,75.6,79
S872,Joseph Allen,kimberlyjensen@@ellis-medina.com,IQ101,76.1,94.3,100
S873,Lacey Nguyen,lnguyen47@university.edu,IQ201,61.1,81.3,85
S874,Alyssa Diaz,adiaz784@university.edu,IQ101,89.6,85,86
S875,Kevin Valdez PhD,kphd366@university.edu,IQ102,77.8,92,85
S876,Linda Rodriguez,lrodriguez320@university.edu,IQ101,34.5,87.5,100
S877,Samuel Li,sli346@university.edu,IQ102,65.2,52.4,100
S878,Andrew House,ahouse433@university.edu,IQ101,82.7,97.2,100
S879,Michael Briggs,crogers992@university.edu,IQ101,72.9,91.3,86
S880,Michael Richardson,mrichardson828@university.edu,IQ101,99.2,96.4,91
S881,Mercedes Garcia,mgarcia831@university.edu,IQ101,99.6,88.4,73
S882,Timothy Moore,tmoore447@university.edu,IQ101,76.1,55.6,100
S883,Brandon Robinson,randygreen,IQ101,71.3,66.2,76
S884,Jasmine Hernandez,jhernandez588@university.edu,IQ101,107.5641408,,90
S885,Jamie Monroe,jmonroe865@university.edu,IQ101,76.8,85.7,77
S886,Sherry Deleon,sdeleon544@university.edu,IQ,75.7,101.7307146,82
S887,DAVID JOHNSON,djohnson310@university.edu,IQ101,65.7,80.7,80
S888,JOSHUA DAVIS,jdavis425@university.edu,IQ102,63.9,59.5,82
S889,Amy Greer,bnelson@example.net,IQ101,65.8,,83
S890,John Osborn,,IQ101,68.6,68.3,
S891,Cynthia Holmes,merrittbrandon@@roberson.com,IQ101,53.9,76.8,83
S892,Nicole Huber,nhuber960@university.edu,IQ101,52.4,88.6,96
S893,Lawrence White,reyesbrandon@@morrow.com,IQ101,76.2,57.6,77
S894,Robert Lopez,rlopez474@university.edu,IQ101,70.4,67.5,90
S895,Patricia Townsend,ptownsend446@university.edu,IQ101,79.8,96.8,100
S896,Alice Chandler,hamiltondavid@@frey-cook.com,IQ101,46.9,79.6,83
S897,Leonard Smith,lsmith704@university.edu,IQ101,,87.4,81
S898,Allison Lucas,alucas252@university.edu,IQ201,78.2,67.5,86
S899,Tonya Ramsey,xmartin@example.org,IQ101,70.2,66.9,seventy-five
S900,Taylor Fernandez,tfernandez30@university.edu,IQ102,91.1,78.3,100
S901,Sean Jackson,mlee140@university.edu,IQ102,103.5178603,77.2,90
S902,Edwin Floyd,fmanning@example.com,IQ101,64.4,56.8,N/A
S903,Karl Brown,pturner@@shields-santos.biz,IQ102,48,55.8,83
S904,Michael Dominguez,mdominguez966@university.edu,IQ102,79,85.1,93
S905,Anthony Perkins,aperkins513@university.edu,IQ101,51.3,90.5,77
S906,Julia Barber,kathleen79@example.org,IQ101,67.8,80.1,95
S907,Amanda Wilson,gonzalezevan,IQ101,99.2,90.6,unknown
S908,Michael Johnson,mjohnson400@university.edu,IQ101,71,65.5,92
S909,Amanda Daniels,deborah00,IQ101,42.7,67.9,85
S910,,brandon30.smith@example.com,IQ101,,64.2,80
S911,Michael Freeman,mfreeman717@university.edu,IQ101,73,79.1,79
S912,Michael Wilkinson,mwilkinson987@university.edu,IQ101,71.6,68.9,93
S913,Deanna Rasmussen,drasmussen377@university.edu,IQ101,77.5,84.2,100
S559,Amy Hernandez,,IQ101,58.6,97.8,82
S915,Robert Rhodes,gregoryallen@example.net,IQ102,73.5,78.3,93
S916,Erika Sullivan,joshua88@example.com,IQ101,85.6,81.3,67
S917,Victoria Hays,simpsonpeggy@example.com,IQ102,89.3,115,82
S918,Paul Martin,reyesmichael@example.net,IQ101,65.8,83.1,88
S919,Paul Obrien,lindsayjames,IQ101,57.8,79.5,79
S920,Glen Briggs,millervincent@example.org,IQ101,74.5,75.1,79
S921,Jasmine Steele,paulchelsea@@johnson.com,IQ101,73.1,51.7,81
S922,George Torres,gtorres35@university.edu,IQ201,66.8,79.3,91
S923,SHARON WASHINGTON,swashington755@university.edu,IQ201,77.4,63.6,86
S924,Christopher Wang,martinmonica@example.org,IQ101,94,65.9,66
S925,AMY THOMAS,athomas361@university.edu,IQ102,89.5,84,67
S926,Amanda Graves,shafferchristine@example.net,IQ101,65.3,102.8543525,82
S927,Rick Salazar,rsalazar657@university.edu,IQ101,57.1,90.9,93
S928,Rose Trujillo,rtrujillo85@university.edu,IQ102,90,68.6,61
S929,Julia Bray,alexisjackson@example.com,IQ101,95.9,74.5,83
S930,Mary Smith,msmith962@university.edu,IQ102,,81.6,83
S931,Brooke Banks,bbanks704@university.edu,IQ101,73,89.4,N/A
S932,ASHLEE DAY,aday377@university.edu,IQ101,86.9,53.5,100
S933,Lisa Spencer,alexander96@@scott-gilbert.net,IQ101,94.6,54.7,84
S934,PENNY RANGEL,sthomas@@zimmerman-brown.com,IQ101,90.5,93.8,92
S935,Toni Martinez,xfloyd,IQ101,58.6,72.2,89
S936,Holly Villarreal,hvillarreal267@university.edu,IQ101,58.4,75,67
S937,Jessica Mccoy,jmccoy15@university.edu,IQ101,70.4,88.9,96
S938,Angela Figueroa,kariburnett,IQ101,94.7,97.5,90
S939,James Espinoza PhD,jphd883@university.edu,IQ101,66.6,75.1,93
S940,Jennifer Martin,jmartin442@university.edu,IQ101,49.7,66.7,100
S941,Brianna Garrett,amy74,IQ101,89.5,100.6181595,67
S942,David Shepherd,dshepherd298@university.edu,IQ101,56.5,69.7,100
S943,Timothy Compton,tcompton597@university.edu,IQ101,74.6,81.9,85
S944,David Rodriguez,drodriguez332@university.edu,IQ101,62.9,83.9,91
S945,Edward Williams,ewilliams434@university.edu,IQ101,67.9,77.8,88
S946,Alicia Wilson,awilson341@university.edu,IQ101,83.2,78.1,84
S947,Madison York,myork687@university.edu,IQ101,68.5,,82
S948,Elizabeth Walters,ewalters260@university.edu,IQ101,73.7,72.8,91
S949,Cynthia Lewis,shawn09@@stevenson.biz,IQ101,71.1,100.3810604,73
S950,Stephanie Moore,smoore174@university.edu,IQ101,105,73.9,96
S951,Sarah Williams,johnwood,IQ101,85.5,73.3,84
S952,James Gregory,jgregory46@university.edu,IQ101,92.6,83.2,77
S953,Carol White,johnsonjulie,IQ101,73.4,84.3,83
S954,Anthony Kidd,simmonssarah,IQ101,51.4,62.2,100
S955,LAURA WALKER,lwalker169@university.edu,IQ101,57.1,80,83
S956,Jordan Simmons,jsimmons874@university.edu,IQ102,100.987725,109.238202,92
S957,Dustin Owens,dowens56@university.edu,IQ101,84.6,85,81
S958,Kerry Williams,jeankennedy@example.org,IQ101,48,70.4,96
S959,Timothy Atkins,craig84,IQ101,63.2,,95
S960,Todd Charles,tcharles867@university.edu,IQ101,72.5,71.4,100
S961,Christopher Morris,cmorris291@university.edu,IQ101,45.3,88.5,86
S962,Jeremy Perez,jperez913@university.edu,IQ101,58.9,81.3,95
S963,Daniel Thomas,robertsonjeffrey,IQ101,106.11124,65.1,89
S964,Mr. Kenneth Perkins,meganhardy,IQ101,37,74,100
S965,Joshua Curtis,jcurtis697@university.edu,IQ101,91.5,105.4168644,81
S966,Hector Johnson,mkelley,IQ101,56.6,85,95
S967,Kelly Palmer,,IQ101,68,76.5,86
S968,Julia Nicholson,jnicholson644@university.edu,IQ102,114.6651502,57,87
S969,Scott Bradley,gcharles@example.net,IQ101,78.8,84.5,89
S970,Jean Roth,ashley20@example.com,IQ101,91.3,79.4,91
S971,Andrew Harrington,aharrington50@university.edu,IQ101,79.6,72.5,87
S972,Jonathan Reid,rosswendy@example.net,IQ101,79,73.2,90
S973,Melanie Cooper,mcooper246@university.edu,IQ101,84.3,72.8,100
S974,JEFFREY MILLER,rford@example.org,IQ101,80.7,77.6,98
S975,Christian Alvarado,newmanrichard@example.net,IQ101,91.9,77.3,97
S976,Jackie Anderson,janderson826@university.edu,IQ101,105,95.7,83
S977,Howard Bailey,hbailey99@university.edu,IQ101,61.4,68.8,79
S978,Lisa Watson,thomas11@example.org,IQ101,66.1,97.2,98
S979,MELISSA GONZALEZ,nancylee@example.net,IQ101,43,121.9284795,97
S980,Joshua Nunez,jnunez42@university.edu,IQ101,90.8,81.1,100
S981,Anita Becker,abecker731@university.edu,IQ101,74.2,82,82
S982,Kenneth Garner DDS,kdds298@university.edu,IQ101,82.8,87,86
S983,Adam Walker,awalker131@university.edu,IQ101,83.3,79.3,72
S984,Mrs. Donna Bates DDS,tjackson484@university.edu,IQ201,72,75.9,84
S985,Timothy Hawkins,thawkins423@university.edu,IQ101,72.1,93.9,98
S986,Michael Dyer,mdyer261@university.edu,IQ101,83.9,36.8,83
S987,Mrs. Misty Morse,jason06@example.net,IQ101,84.8,80.7,94
S988,Daniel Rosario,drosario427@university.edu,IQ101,74.7,72.6,86
S989,Mitchell Wolf,mwolf687@university.edu,IQ102,91.9,91.3,91
S990,Lauren Adams,wallscharles@example.net,IQ101,63.4,,77
S991,Cole Carr,brenda11@example.com,IQ101,60.4,58.7,89
S992,Jesse Jones,jjones405@university.edu,IQ,65.6,90.1,58
S993,,zack.vargas@example.com,IQ101,89.3,85.2,86
S994,Thomas Johnson,wdalton@@walker.com,IQ102,85.9,85.2,72
S995,James Dunn,juanliu,IQ101,65.4,84,100
S996,Vanessa Johns,vjohns129@university.edu,IQ101,87,88.6,96
S997,Tracy Roach,troach193@university.edu,IQ101,92.8,87.9,93
S998,Neil Oconnor,noconnor447@university.edu,IQ101,80.3,93,100
S999,HALEY MORROW,hmorrow789@university.edu,IQ102,74.6,65.7,79
S1000,Mrs. Courtney Miller,mmiller157@university.edu,IQ101,72.6,67.6,100