Description,,Summary Amt.
Beginning balance as of 08/27/2026,,"734.73"
Total credits,,"17,775.48"
Total debits,,"-17,507.79"
Ending balance as of 10/05/2026,,"1,002.42"

Date,Description,Amount,Running Bal.
08/27/2026,Beginning balance as of 08/27/2026,,"734.73"
08/28/2026,"CRC SERVICES, LL DES:PAYROLL ID:0207377 INDN:CARCAMO LESTER CO ID:6506940773 PPD","2,193.55","2,928.28"
08/28/2026,"Agent Assisted Automatic transfer to CHK 3435 Confirmation# 2152332758","-25.00","2,903.28"
08/31/2026,"Online Banking transfer from SAV 3435 Confirmation# 2204013660","2,200.00","5,103.28"
08/31/2026,"APPLECARD GSBANK DES:PAYMENT ID:12842494 INDN:Lester Carcamo CO ID:9999999999 WEB","-1,220.81","3,882.47"
08/31/2026,"AMAZON CORP DES:SYF PAYMNT ID:604578106199988 INDN:CARCAMOLESTER CO ID:9069872103 WEB","-98.73","3,783.74"
08/31/2026,"BARCLAYCARD US DES:CREDITCARD ID:1450966666 INDN:LESTER CARCAMO CO ID:2510407970 WEB","-98.00","3,685.74"
09/01/2026,"FREEDOM DES:MTG PYMTS ID:0058615170 INDN:BOFA CO ID:1223039688 WEB","-1,478.02","2,207.72"
09/01/2026,"IRS DES:USATAXPYMT ID:221664422290968 INDN:LESTER S CARCAMO CO ID:3387702000 PPD","-500.00","1,707.72"
09/01/2026,"MAZDA FINANCIAL DES:WEB ID:JFNTDTOWTON6OV7 INDN:LESTER CARCAMO CO ID:2953775816 WEB PMT INFO:P08465438-26269","-475.22","1,232.50"
09/02/2026,"Mobile Banking payment to CRD 2391 Confirmation# v10x82ccs","-35.00","1,197.50"
09/02/2026,"SERVICE FINANCE COMPANY Bill Payment","-256.43","941.07"
09/02/2026,"BARCLAYCARD US DES:CREDITCARD ID:1444060358 INDN:LESTER CARCAMO CO ID:2510407970 WEB","-30.00","911.07"
09/02/2026,"CITI CARD ONLINE DES:PAYMENT ID:422107913679703 INDN:LESTER S CARCAMO CO ID:CITICTP WEB","-17.83","893.24"
09/03/2026,"CAPITAL ONE DES:TRANSFER ID:RT094D3D8A69F3F INDN:Lester Carcamo CO ID:1510394779 WEB","2,200.00","3,093.24"
09/04/2026,"Mobile transfer to CHK 4504 Confirmation# du3kea4a4; Carcamo","-320.00","2,773.24"
09/04/2026,"Robinhood CCB DES:Payment ID: INDN:Lester Carcamo CO ID:6823032815 PPD","-594.77","2,178.47"
09/08/2026,"Online Banking payment to CRD 2391 Confirmation# vvvd2z16n","-350.00","1,828.47"
09/08/2026,"TARGET CARD SRVC DES:PAYMENT ID:H 412080275 INDN:CARCAMO,LESTER S CO ID:7411721810 WEB","-30.00","1,798.47"
09/09/2026,"BRANCH MESSENGER DES:P2P ID:LESTER CARCAMO INDN:LESTER CARCAMO CO ID:1472085849 WEB","100.45","1,898.92"
09/09/2026,"Online Banking payment to CRD 2391 Confirmation# xidb4k346","-33.29","1,865.63"
09/10/2026,"PF/Lyft Direct DES:Deposit ID:86-3099c4606b4d INDN:Lester Carcamo CO ID:9822103357 WEB PMT INFO:Money Transfers from Lester Carcamo","1,258.12","3,123.75"
09/10/2026,"AMAZON CORP DES:SYF PAYMNT ID:604578106199988 INDN:CARCAMOLESTER CO ID:9069872103 WEB","-100.00","3,023.75"
09/11/2026,"CRC SERVICES, LL DES:PAYROLL ID:0207377 INDN:CARCAMO LESTER CO ID:6506940773 PPD","2,210.48","5,234.23"
09/11/2026,"PACIFIC GAS & ELECTRIC (PG&E) Bill Payment","-415.00","4,819.23"
09/14/2026,"CITI CARD ONLINE DES:PAYMENT ID:422116401459672 INDN:LESTER S CARCAMO CO ID:CITICTP WEB","-1,959.03","2,860.20"
09/14/2026,"Online Scheduled Payment to ACCT# 2391 Confirmation# 2161144231","-418.29","2,441.91"
09/14/2026,"DOVENMUEHLE MTG DES:MORTG PYMT ID:1455376291 INDN:LESTER CARCAMO CO ID:1838500000 PPD","-376.12","2,065.79"
09/14/2026,"AMAZON CORP DES:SYF PAYMNT ID:604578106199988 INDN:CARCAMOLESTER CO ID:9069872103 WEB","-4.99","2,060.80"
09/16/2026,"PENTAGON FEDERAL DES:TRNSFR DR ID:000034126322816 INDN:CARCAMO LESTER S CO ID:1530197038 TEL","-530.43","1,530.37"
09/17/2026,"CITI CARD ONLINE DES:PAYMENT ID:422120603705405 INDN:LESTER S CARCAMO CO ID:CITICTP WEB","-108.73","1,421.64"
09/18/2026,"NETFLIX COM 09/18 PURCHASE LOS GATOS CA","-26.99","1,394.65"
09/18/2026,"BARCLAYCARD US DES:CREDITCARD ID:1457477570 INDN:LESTER CARCAMO CO ID:2510407970 WEB","-111.86","1,282.79"
09/18/2026,"KEEP THE CHANGE TRANSFER TO ACCT 3435 FOR 09/18/26","-0.01","1,282.78"
09/22/2026,"APPLECARD GSBANK DES:PAYMENT ID:12842494 INDN:Lester Carcamo CO ID:9999999999 WEB","-25.00","1,257.78"
09/23/2026,"Online Banking transfer from SAV 3435 Confirmation# 2318732832","4,000.00","5,257.78"
09/24/2026,"TARGET CARD SRVC DES:PAYMENT ID:H 414498770 INDN:CARCAMO,LESTER S CO ID:3411721810 WEB","-3,925.56","1,332.22"
09/24/2026,"Ch JesusChrist DES:DONATION ID:167896474 INDN:BROTHER CARCAMO CO ID:2870834341 WEB","-100.00","1,232.22"
09/24/2026,"AMAZON CORP DES:SYF PAYMNT ID:604578106199988 INDN:CARCAMOLESTER CO ID:9069872103 WEB","-89.12","1,143.10"
09/24/2026,"Lowes DES:SYF PAYMNT ID:798192705081449 INDN:CARCAMOLESTER S CO ID:9069872103 WEB","-39.21","1,103.89"
09/25/2026,"CRC SERVICES, LL DES:PAYROLL ID:0207377 INDN:CARCAMO LESTER CO ID:6506940773 PPD","2,207.08","3,310.97"
09/25/2026,"AMEX EPAYMENT DES:ACH PMT ID:A5230 INDN:Lester Carcamo CO ID:6133133497 WEB","-604.37","2,706.60"
09/28/2026,"Transfer LESTER S CARCAMO","800.00","3,506.60"
09/28/2026,"Agent Assisted Automatic transfer to CHK 3435 Confirmation# 2168420484","-25.00","3,481.60"
09/30/2026,"WELLS FARGO IFI DES:DDA TO DDA ID:F203FG5WVN INDN:LESTER CARCAMO CO ID:INTFITRVOS WEB","300.00","3,781.60"
09/30/2026,"FREEDOM DES:MTG PYMTS ID:0058615170 INDN:BOFA CO ID:1223039688 WEB","-1,478.02","2,303.58"
09/30/2026,"MAZDA FINANCIAL DES:WEB ID:JJ3FOJQOSP2309G INDN:LESTER CARCAMO CO ID:2953775816 WEB PMT INFO:P09173945-26269","-475.22","1,828.36"
09/30/2026,"BARCLAYCARD US DES:CREDITCARD ID:1461784359 INDN:LESTER CARCAMO CO ID:2510407970 WEB","-200.00","1,628.36"
09/30/2026,"APPLECARD GSBANK DES:PAYMENT ID:12842494 INDN:Lester Carcamo CO ID:9999999999 WEB","-145.31","1,483.05"
10/01/2026,"BRANCH MESSENGER DES:P2P ID:LESTER CARCAMO INDN:LESTER CARCAMO CO ID:1472085849 WEB","23.49","1,506.54"
10/01/2026,"IRS DES:USATAXPYMT ID:221667407445287 INDN:LESTER S CARCAMO CO ID:3387702000 PPD","-500.00","1,006.54"
10/02/2026,"PF/Lyft Direct DES:Deposit ID:87-bef99c43d541 INDN:Lester Carcamo CO ID:9822103357 WEB PMT INFO:Money Transfers from Lester Carcamo","282.31","1,288.85"
10/02/2026,"SERVICE FINANCE COMPANY Bill Payment","-256.43","1,032.42"
10/02/2026,"BARCLAYCARD US DES:CREDITCARD ID:1455189490 INDN:LESTER CARCAMO CO ID:2510407970 WEB","-30.00","1,002.42"
